1,https://vegamovies.st/
2,https://vegamovies.st/movies-by-quality/480p
3,https://vegamovies.st/movies-by-year/2010
4,https://vegamovies.st/movies-by-year/2015
5,https://vegamovies.st/216718-download-spring-break-nightmare-2023-hindi-dubbed-org-english-480p-720p-1080p.html
6,https://vegamovies.st/movies-by-year/2018
7,https://vegamovies.st/216727-download-the-love-scam-2025-hindi-dubbed-org-english-480p-720p-1080p-nf-web-dl.html
8,https://vegamovies.st/movies-by-year/2005
9,https://luxmovies.live
10,https://vegamovies.st/216713-download-avicii-im-tim.html
11,https://vegamovies.st/216758-download-panda-plan-2024-full-movie-480p-720p-1080p.html
12,https://vegamovies.st/movies-by-year/2014
13,https://vegamovies.st/216667-download-wedding-crashers-2005-hindi-dubbed-org-english-480p-720p-1080p-bluray.html
14,https://vegamovies.st/movies-by-quality/1080p
15,https://vegamovies.st/215307-download-star-wars-skeleton-crew-2024-season-1-hindi-english-web-series-480p-720p-1080p-web-dl.html
16,https://vegamovies.st/movies-by-genres/documentary
17,https://vegamovies.st/movies-by-quality/720p
18,https://vegamovies.st/movies-by-year/2006
19,https://vegamovies.st/movies-by-genres/short
20,https://vegamovies.st/movies-by-year/2021
21,https://vegamovies.st/216753-download-dont-die-the-man-who-wants-to-live-forever-2025-hindi-dubbed-org-english-480p-720p.html
22,https://vegamovies.st/movies-by-year/2007
23,https://vegamovies.st/movies-by-year/2001
24,https://vegamovies.st/216750-download-troy-2004-hindi-dubbed-org-english-480p-720p-1080p-directors-cut-bluray.html
25,https://vegamovies.st/movies-by-genres/biography
26,https://vegamovies.st/dual-audio-series
27,https://vegamovies.st/dual-audio-movies
28,https://rogmovies.com
29,https://vegamovies.st/web-series/netflix
30,https://vegamovies.st/movies-by-year/2023
31,https://vegamovies.st/movies-by-genres/thriller
32,https://vegamovies.st/movies-by-year/2004
33,https://telegram.dog/vega_officials
34,https://vegamovies.st/movies-by-genres/sci-fi
35,https://vegamovies.st/movies-by-genres/war
36,https://vegamovies.st/movies-by-year/2002
37,https://vegamovies.st/movies-by-genres/romance
38,https://vegamovies.st/movies-by-year/2022
39,https://vegamovies.st/movies-by-year/2013
40,https://vegamovies.st/movies-by-genres/western
41,https://vegamovies.st/movies-by-year/2012
42,https://vegamovies.st/216492-download-bleach-thousand-year-blood-war-season-1-hindi-english-japanese-anime-series.html
43,https://vegamovies.st/214985-download-wicked-2024-hindi-dubbed-org-english-480p-720p-1080p.html
44,https://vegamovies.st/movies-by-genres/crime
45,https://vegamovies.st/159324-download-the-rig-season-1-2-hindi-english-480p-720p-1080p-web-dl.html
46,https://vegamovies.st/movies-by-genres/mystery
47,https://vegamovies.st/movies-by-genres/sport
48,https://vegamovies.st/movies-by-year/2011
49,https://vegamovies.st/216747-download-fairy-tail-season-1-anime-series-multi-audio-hindi-english-japanese-1080p-720p-web-dl.html
50,https://vegamovies.st/movies-by-quality/2160p
51,https://vegamovies.st/movies-by-year/2008
52,https://vegamovies.st/movies-by-genres/action
53,https://vegamovies.st/movies-by-genres/fantasy
54,https://vegamovies.st/web-series/amazon-prime-video
55,https://vegamovies.st/216762-download-gogol-viy-2018-hindi-dubbed-org-russian-480p-720p-1080p-web-dl.html
56,https://vegamovies.st/movies-by-year/2009
57,https://vegamovies.st/194803-download-bandidos-2024-season-1-complete-hindi-english-spanish-netflix-series-480p-720p-1080p-web-dl.html
58,https://vegamovies.st/216697-download-wwe-monday-night-raw-30th-december-2024-english.html
59,https://vegamovies.st/movies-by-genres/comedy
60,https://vegamovies.st/movies-by-year/2016
61,https://vegamovies.st/movies-by-year
62,https://vegamovies.st/movies-by-genres/musical
63,https://vegamovies.st/216722-download-against-the-wild-iii-2021-bluray-hindi-dubbed-org-480p-720p-1080p.html
64,https://vegamovies.st/movies-by-year/2020
65,https://vegamovies.st/movies-by-year/2000
66,https://vegamovies.st/215642-download-one-piece-east-blue-season-1-hindi-english-japanese-anime-web-series.html
67,https://vegamovies.st/216499-download-squid-game-season-2-hindi-dubbed.html
68,https://vegamovies.st/page/3
69,https://xprimehub.vip/
70,https://vegamovies.st/movies-by-genres/music
71,https://vegamovies.st/movies-by-genres/horror
72,https://vegamovies.st/movies-by-genres/animation
73,https://vegamovies.st/page/2
74,https://vegamovies.st/movies-by-year/2019
75,https://vegamovies.st/movies-by-genres/adventure
76,https://vegamovies.st/movies-by-genres/family
77,https://vegamovies.st/movies-by-year/2003
78,https://vegamovies.st/movies-by-genres/suspense
79,https://vegamovies.st/movies-by-genres/drama
80,https://vegamovies.st/movies-by-genres/history
81,https://vegamovies.st/185992-download-shangri-la-frontier-season-1-2-hindi-japanese-english-anime-series-720p-1080p-web-dl.html
82,https://vegamovies.st/216731-download-missing-you-2025-season-1-complete-dual-audio-hindi-english-netflix-original-web-series-480p-720p-web-dl.html
83,https://vegamovies.st/movies-by-year/2017
84,https://vegamovies.st/movies-by-quality
85,https://vegamovies.st/movies-by-quality/480p/?category_name=movies-by-quality%2F480p&paged=1&archive_query=title&alphabet_filter
86,https://vegamovies.st/movies-by-quality/480p/?category_name=movies-by-quality%2F480p&paged=1&archive_query=comment&alphabet_filter
87,https://vegamovies.st/movies-by-quality/480p/page/2
88,https://vegamovies.st/movies-by-quality/480p/page/3
89,https://vegamovies.st/216655-download-a-picture-to-remember-2016-hindi-org-english-480p-720p-1080p-web-dl.html
90,https://vegamovies.st/movies-by-quality/480p/?category_name=movies-by-quality%2F480p&paged=1&archive_query=latest&alphabet_filter
91,https://vegamovies.st/216539-download-your-fault-2024-hindi-dubbed.html
92,https://vegamovies.st/214518-download-saturday-night-2024-hindi-dubbed-org-english-480p-720p-1080p-web-dl.html
93,https://vegamovies.st/movies-by-year/2010/page/2
94,https://vegamovies.st/101512-download-wrong-side-of-town-2010-hindi-dubbed-org-english-480p-720p-1080p-bluray.html
95,https://vegamovies.st/movies-by-year/2010/?category_name=movies-by-year%2F2010&paged=1&archive_query=latest&alphabet_filter
96,https://vegamovies.st/14826-download-the-chronicles-of-narnia-the-voyage-of-the-dawn-treader-2010-hindi-dubbed-bluray-480p-720p-1080p.html
97,https://vegamovies.st/210347-download-killers-2010-hindi-org-english-480p-720p-1080p-bluray.html
98,https://vegamovies.st/205089-download-faster-2010-hindi-org-english-480p-720p-1080p-web-dl.html
99,https://vegamovies.st/movies-by-year/2010/page/3
100,https://vegamovies.st/205261-download-the-housemaid-aka-hanyo-2010-hindi-org-korean-480p-720p-1080p-bluray.html
101,https://vegamovies.st/215165-download-little-big-soldier-2010-hindi-dubbed-org-chinese-480p-720p-1080p-bluray.html
102,https://vegamovies.st/214914-download-vampires-suck-2010-hindi-dubbed-org-english-480p-720p-1080p-bluray.html
103,https://vegamovies.st/9363-download-dylan-dog-dead-of-night-2010-hindi-org-english-480p-720p-1080p-web-dl.html
104,https://vegamovies.st/5942-download-skyline-2010-hindi-dubbed-org-english-480p-720p-1080p-bluray.html
105,https://vegamovies.st/193721-download-somewhere-2010-hindi-dubbed-org-english-480p-720p-1080p-bluray.html
106,https://vegamovies.st/7655-download-unstoppable-2010-hindi-org-english-480p-720p-1080p-bluray.html
107,https://vegamovies.st/201488-download-locked-down-2010-hindi-dubbed-org-english-480p-720p-1080p-bluray.html
108,https://vegamovies.st/7731-download-knight-and-day-2010-extended-hindi-dubbed-org-english-480p-720p-1080p-bluray.html
109,https://vegamovies.st/movies-by-year/2010/?category_name=movies-by-year%2F2010&paged=1&archive_query=comment&alphabet_filter
110,https://vegamovies.st/111602-download-stake-land-2010-dual-audio-hindi-480p-720p-1080p.html
111,https://vegamovies.st/213654-download-legendary-2010-hindi-dubbed-org-english-480p-720p-1080p-bluray.html
112,https://vegamovies.st/216276-download-alice-in-wonderland-2010-hindi-org-english-480p-720p-1080p-bluray.html
113,https://vegamovies.st/205572-download-hermano-2010-hindi-org-english-480p-720p-1080p-bluray.html
114,https://vegamovies.st/movies-by-year/2010/?category_name=movies-by-year%2F2010&paged=1&archive_query=title&alphabet_filter
115,https://vegamovies.st/25673-download-hot-tub-time-machine-2010-dual-audio-hindi-bluray-480p-720p-1080p.html
116,https://vegamovies.st/207603-download-smoke-screen-2010-hindi-org-english-480p-720p-1080p-bluray.html
