1,https://www.youtube.com/
2,https://www.youtube.com/about/
3,https://www.youtube.com/about/copyright/
4,https://www.youtube.com/howyoutubeworks?utm_campaign=ytgen&utm_source=ythp&utm_medium=LeftNav&utm_content=txt&u=https%3A%2F%2Fwww.youtube.com%2Fhowyoutubeworks%3Futm_source%3Dythp%26utm_medium%3DLeftNav%26utm_campaign%3Dytgen
5,https://www.youtube.com/about/press/
6,https://www.youtube.com/about/policies/
7,https://developers.google.com/youtube
8,https://www.youtube.com/creators/
9,https://www.youtube.com/ads/
10,https://www.youtube.com/nextup/
11,https://www.youtube.com
12,https://www.youtube.com/yt/family/
13,https://www.instagram.com/youtube/
14,https://www.youtube.com/trends/
15,https://www.youtube.com/creators-for-change/
16,https://tv.youtube.com/learn/nflsundayticket
17,https://blog.youtube/press/
18,https://www.youtube.com/howyoutubeworks/
19,https://www.youtube.com/csai-match/
20,https://blog.youtube/
21,https://socialimpact.youtube.com/
22,https://www.youtube.com/t/terms
23,https://www.youtube.com/creators/podcasts/
24,https://www.youtube.com/premium/
25,https://www.youtube.com/creatorresearch/
26,https://www.youtube.com/jobs/
27,https://servicesdirectory.withyoutube.com/
28,https://vr.youtube.com/
29,https://www.google.com/policies/privacy/
30,https://studio.youtube.com/
31,https://tv.youtube.com/
32,https://support.google.com/youtube/#topic=9257498
33,https://artists.youtube.com/
34,https://www.youtube.com/channel/UCqVDpXKLmKeBU_yyt_QkItQ
35,https://twitter.com/YouTube
36,https://www.youtube.com/kids/
37,https://www.facebook.com/youtube/?ref=br_r
38,https://www.youtube.com/ads/youtube-select/
39,https://www.youtube.com/musicpremium
40,https://www.youtube.com/about/brand-resources/
41,https://support.google.com/youtube/answer/2807684?hl=en
42,https://www.youtube.com/copyright_complaint_form
43,https://support.google.com/youtube/answer/2814000?hl=en&p=c_strike_basics
44,https://support.google.com/youtube/answer/2807691?hl=en
45,https://support.google.com/youtube/answer/3376882
46,https://research.youtube
47,https://support.google.com/youtube/answer/6013276
48,https://support.google.com/youtube/answer/10623810
49,https://support.google.com/youtubecreatormusic
50,https://support.google.com/youtube/answer/2797370
51,https://support.google.com/youtube/answer/9783148?hl=en
52,https://support.google.com/youtube/answer/9245819?hl=en&ref_topic=9282364
53,https://support.google.com/youtube/answer/7648743
54,https://www.youtube.com/ads/how-it-works/set-up-a-campaign/youtube-select/
55,https://policies.google.com/privacy
56,https://twitter.com/youtubetv
57,https://blog.youtube/creator-and-artist-stories/animation-tips/
58,https://www.youtube.com/about/policies/#community-guidelines
59,https://www.youtube.com/user/YouTubeHelp
60,https://twitter.com/YouTubeInsider
61,https://twitter.com/teamyoutube
62,https://blog.youtube/news-and-events/
63,https://www.youtube.com/about/copyright/#support-and-troubleshooting
64,https://blog.youtube/creator-and-artist-stories/amazing-digital-circus/
65,https://support.google.com/youtube/community
66,https://twitter.com/youtubemusic?ref_src=twsrc%5Egoogle%7Ctwcamp%5Eserp%7Ctwgr%5Eauthor
67,https://blog.youtube/creator-and-artist-stories/the-special-effect-of-brandonb/
68,https://tv.youtube.com/welcome/?zipcode=78702
69,https://twitter.com/ytcreators
70,https://www.youtube.com/channel/UCGg-UqjRgzhYDPJMr-9HXCg
71,https://www.youtube.com/user/creatoracademy
72,https://youtube.com/creatorresearch/
73,https://twitter.com/YouTubeLiaison
74,https://www.youtube.com/@YouTubeLiaison
75,https://creatoracademy.youtube.com/page/home
76,https://www.youtube.com/user/YouTube
77,https://blog.youtube/culture-and-trends/indie-animation/
78,https://blog.youtube/news-and-events/2024-recap-of-youtube-on-tv/
79,https://twitter.com/youtubegaming
80,https://blog.youtube/inside-youtube/2024-in-youtube-ai/
81,https://www.youtubego.com/
82,https://www.youtube.com/about/brand-resources/#logos-icons-colors
83,https://blog.youtube/creator-and-artist-stories/
84,https://blog.youtube/inside-youtube/
85,https://youtube.com/about/
86,https://blog.youtube/creator-and-artist-stories/meet-ghost-duet-animator-louie-zong/
87,https://www.facebook.com/youtube
88,https://youtube.com/csai-match/
89,https://blog.youtube/creator-and-artist-stories/foundrys-class-of-2024-recap/
90,https://www.youtube.com/space/
91,https://blog.youtube/culture-and-trends/
92,http://youtube.com/trends
93,https://support.google.com/youtube/answer/9054257?hl=en&ref_topic=9282365
94,https://support.google.com/youtube/answer/2801981?hl=en&ref_topic=9282365
95,https://support.google.com/youtube/answer/2802027
96,https://support.google.com/youtube/answer/2802032?hl=en
97,https://support.google.com/youtube/answer/2802167?hl=en&ref_topic=9387060
98,https://blog.youtube/inside-youtube/look-how-we-treat-educational-documentary-scientific-and-artistic-content-youtube/
99,https://support.google.com/youtube/answer/2801939?hl=en&ref_topic=9282436
100,https://support.google.com/youtube/answer/2801999?hl=en&ref_topic=9282679
101,https://support.google.com/youtube/answer/9713446?hl=en&ref_topic=9282365
102,https://support.google.com/youtube/answer/174084
103,https://support.google.com/youtube/answer/185111?hl=en
104,https://support.google.com/youtube/answer/2802268?hl=en&ref_topic=9282436
105,https://support.google.com/youtube/answer/3399767?hl=en&ref_topic=9282365
106,https://support.google.com/youtube/answer/7554338?hl=en-GB
107,https://www.youtube.com/howyoutubeworks/policies/monetization-policies/
108,https://support.google.com/youtube/answer/2801964?hl=en&ref_topic=9282436
109,https://support.google.com/youtube/answer/9229472?hl=en&ref_topic=9282436
110,https://support.google.com/youtube/answer/10835034?hl=en
111,https://support.google.com/youtube/answer/13813322?hl=en
112,https://support.google.com/youtube/answer/2802002?hl=en&ref_topic=9282679
113,https://support.google.com/youtube/answer/6345162?hl=en&hl=en&ref_topic=9282435&sjid=277005303270439027-NA
114,https://support.google.com/youtube/answer/9229980?hl=en&ref_topic=9282679
115,https://support.google.com/youtube/answer/10834785?hl=en
116,https://support.google.com/youtube/answer/2802008?hl=en&ref_topic=9282436
117,https://support.google.com/youtube/answer/2950063?hl=en&ref_topic=9387083
118,https://www.youtube.com/howyoutubeworks/policies/overview/
119,https://support.google.com/youtube/answer/9229611?hl=en
120,https://support.google.com/youtube/answer/2802245?hl=en&ref_topic=9282679
121,https://support.google.com/youtube/answer/7667605?hl=en
122,https://support.google.com/youtube/answer/10072685?hl=en&ref_topic=9282679
123,https://support.google.com/youtube/answer/2801947?hl=en&ref_topic=9282365
124,https://support.google.com/youtube/answer/2801973?hl=en&ref_topic=9282365
